Spine File,ChordDistribution,OpenAngle,CVD,AverageDistance,LengthVolumeRatio,LengthAreaRatio,JunctionArea,Length,Area,Volume,ConvexHullVolume,ConvexHullRatio

output\example dendrite\spine_18.off,"[1.50294547 3.86183979 3.4061729  2.70630885 2.50994411 2.53511908
 1.85036    1.71945018 1.56336539 1.53567293 1.57595287 1.36196566
 1.24616082 1.20839837 1.17818841 1.30154574 1.16308343 1.16560093
 1.19329339 1.06490106 1.03217361 1.15804844 1.04476109 1.09511102
 0.98937616 1.0346911  1.1076985  0.97678868 0.91385127 1.06238357
 0.98937616 1.04727859 1.1076985  1.14546095 1.12028599 1.07245355
 1.1076985  1.21091587 1.17818841 1.24616082 1.29147576 1.14042596
 1.2587483  1.27888827 1.26630079 1.24364332 1.26378329 1.4097981
 1.61623282 1.40224561 1.63637279 1.53063793 1.65147777 1.56084789
 1.64896027 1.58098787 1.46770052 1.38965812 1.40224561 1.38965812
 1.15301344 0.95413121 1.04224359 0.92895625 0.94909622 0.75273148
 0.78797644 0.63189165 0.69734656 0.61930416 0.55133176 0.5186043
 0.51356931 0.4430794  0.40783445 0.33230955 0.3675545  0.30209959
 0.2945471  0.26433714 0.23412718 0.19636473 0.18125976 0.16615478
 0.16111978 0.11580484 0.12839233 0.08559488 0.08811238 0.09314737
 0.08055989 0.05538493 0.03776245 0.04027995 0.03776245 0.02013997
 0.01510498 0.01258748 0.         0.01762248]",0.9198624670910138,0.3864565156671553,0.654687733589084,2.5394944634751884,0.32167194027892676,0.1671845869830487,1.1407166617309203,3.379026688833509,0.4491904503583358,0.532276688466668,0.18496884348732523

output\example dendrite\spine_9.off,"[1.85996409e+00 6.95631358e+00 7.66367445e+00 7.67923399e+00
 6.37103531e+00 6.27528426e+00 5.40634351e+00 4.90245362e+00
 4.19150209e+00 3.78096948e+00 3.62298025e+00 2.94554159e+00
 2.53740275e+00 2.64033513e+00 2.28246559e+00 2.19509276e+00
 2.30999402e+00 2.01915021e+00 1.91143028e+00 1.66008378e+00
 1.54159186e+00 1.56792340e+00 1.35966487e+00 1.17414722e+00
 1.12746858e+00 1.17175344e+00 1.03052065e+00 8.66546978e-01
 7.61220826e-01 8.07899461e-01 7.50448833e-01 7.44464393e-01
 6.67863555e-01 5.78096948e-01 5.14661879e-01 4.78755236e-01
 4.35667265e-01 4.09335727e-01 3.08797127e-01 3.14781568e-01
 2.69299820e-01 2.66906044e-01 2.34590066e-01 2.52543387e-01
 2.42968282e-01 2.16636744e-01 1.90305206e-01 1.90305206e-01
 2.29802513e-01 2.02274087e-01 1.65170557e-01 1.79533214e-01
 1.44823459e-01 1.50807899e-01 1.26870138e-01 1.19688809e-01
 8.37821664e-02 9.21603830e-02 8.13883902e-02 7.66008378e-02
 4.78755236e-02 6.82226212e-02 7.66008378e-02 3.47097546e-02
 3.47097546e-02 4.78755236e-02 4.54817475e-02 2.99222023e-02
 3.35128665e-02 3.23159785e-02 2.99222023e-02 2.51346499e-02
 2.27408737e-02 1.43626571e-02 1.79533214e-02 9.57510473e-03
 1.19688809e-02 1.31657690e-02 1.43626571e-02 8.37821664e-03
 1.19688809e-02 2.39377618e-03 4.78755236e-03 8.37821664e-03
 2.39377618e-03 2.39377618e-03 2.39377618e-03 1.19688809e-03
 0.00000000e+00 1.19688809e-03 2.39377618e-03 0.00000000e+00
 0.00000000e+00 0.00000000e+00 0.00000000e+00 1.19688809e-03
 0.00000000e+00 0.00000000e+00 0.00000000e+00 1.19688809e-03]",0.6092297569307638,0.47578973188368856,0.4865616066654438,20.792813045833825,0.5336350428192473,0.2770101226971349,0.8083911083771457,1.2378662319484193,0.03887839065330893,0.15811436412498128,3.0668958119932936

output\example dendrite\spine_10.off,"[5.54731959e-01 3.06059012e+00 4.57175649e+00 4.26569748e+00
 3.51011429e+00 2.95060016e+00 2.21653675e+00 2.33369997e+00
 1.59485438e+00 1.50399311e+00 1.50160203e+00 1.13337478e+00
 1.09272632e+00 9.94691789e-01 1.01142939e+00 1.12141935e+00
 9.85127445e-01 9.85127445e-01 1.06881546e+00 1.07837980e+00
 1.15250347e+00 1.08077089e+00 9.73172015e-01 9.85127445e-01
 1.09033523e+00 1.18597867e+00 1.19315193e+00 1.21706279e+00
 1.28640428e+00 1.23140931e+00 1.19076084e+00 1.30314189e+00
 1.22662713e+00 1.21945388e+00 1.28640428e+00 1.13098369e+00
 1.25053799e+00 1.21706279e+00 1.26249342e+00 1.25053799e+00
 1.27923103e+00 1.20749845e+00 1.13337478e+00 1.17402324e+00
 1.25053799e+00 1.14772130e+00 1.15250347e+00 1.11424609e+00
 1.09033523e+00 1.02338482e+00 1.12620152e+00 1.03294917e+00
 1.13815695e+00 1.12381043e+00 1.06403328e+00 1.05925111e+00
 1.04968677e+00 1.01142939e+00 9.58825499e-01 9.94691789e-01
 8.91875090e-01 8.60790971e-01 9.56434413e-01 9.87518531e-01
 9.03830520e-01 9.34914638e-01 8.65573143e-01 8.75137487e-01
 8.22533595e-01 8.36880111e-01 7.96231648e-01 7.67538616e-01
 7.43627756e-01 7.05370379e-01 5.37994357e-01 5.21256755e-01
 4.61479604e-01 3.99311367e-01 3.27578786e-01 2.86930324e-01
 2.63019463e-01 2.74974894e-01 2.08024485e-01 2.43890775e-01
 1.79331452e-01 1.38682990e-01 1.17163216e-01 1.12381043e-01
 8.36880111e-02 1.02816699e-01 1.07598871e-01 8.84701832e-02
 4.54306346e-02 4.06484625e-02 3.34752044e-02 1.91286883e-02
 3.34752044e-02 1.67376022e-02 2.39108603e-03 4.78217206e-03]",0.7140466429476516,0.34706397301689595,1.0047545277756529,1.8387623038225194,0.2552534135380213,0.89685885667561,1.523784994307793,5.072836017084883,0.8287014537659738,1.0037822322326613,0.2112712336524155

output\example dendrite\spine_0.off,"[6.04777744e-01 2.85001512e+00 3.61354702e+00 3.38171555e+00
 3.13476464e+00 2.55518597e+00 1.86473138e+00 1.95796795e+00
 1.71605685e+00 1.36830965e+00 1.45650640e+00 1.26751336e+00
 1.17427679e+00 1.05332124e+00 1.08859994e+00 1.12891846e+00
 1.13395827e+00 9.65124483e-01 1.07348050e+00 9.85283742e-01
 1.00544300e+00 1.05836105e+00 1.07600040e+00 1.14907771e+00
 1.14403790e+00 1.21207540e+00 1.28767261e+00 1.26247354e+00
 1.18435642e+00 1.34563048e+00 1.23223465e+00 1.25995363e+00
 1.27507308e+00 1.36578974e+00 1.21207540e+00 1.36830965e+00
 1.22467493e+00 1.29271243e+00 1.33555085e+00 1.25491382e+00
 1.34059067e+00 1.33051104e+00 1.15663744e+00 1.29019252e+00
 1.22215502e+00 1.33303094e+00 1.32547122e+00 1.17931660e+00
 1.31791150e+00 1.29775224e+00 1.18183651e+00 1.31539159e+00
 1.20199577e+00 1.18939623e+00 1.25239391e+00 1.18687632e+00
 1.12135873e+00 1.09615966e+00 9.87803649e-01 9.12206431e-01
 9.87803649e-01 9.60084669e-01 8.94567080e-01 8.61808285e-01
 8.39129120e-01 7.83691160e-01 8.46688842e-01 7.86211067e-01
 6.95494406e-01 7.38332829e-01 7.40852737e-01 6.87934684e-01
 6.77855055e-01 6.42576353e-01 5.77058764e-01 4.61143030e-01
 5.21620804e-01 4.53583308e-01 4.25864328e-01 4.10744885e-01
 3.02388872e-01 3.52787017e-01 3.02388872e-01 2.74669892e-01
 2.67110170e-01 2.24271747e-01 1.78913416e-01 2.06632396e-01
 2.04112489e-01 1.31035178e-01 1.13395827e-01 9.82763834e-02
 6.04777744e-02 4.28384235e-02 2.01592581e-02 4.03185163e-02
 1.00796291e-02 2.51990727e-03 7.55972180e-03 7.55972180e-03]",0.7566516427122535,0.33350748111985296,0.9918363518212182,1.8359353145560724,0.24416935793532663,0.20823118441120647,1.4532416211822436,5.743546030677204,0.7915538252684226,0.9802932634300539,0.2384416980078748

output\example dendrite\spine_21.off,"[1.33343528e+00 5.91635446e+00 6.71610979e+00 6.04480465e+00
 5.54782476e+00 4.47128985e+00 4.15933940e+00 3.87644315e+00
 3.34123404e+00 3.22042970e+00 2.90236257e+00 2.70968728e+00
 2.63017050e+00 2.61793715e+00 2.12401560e+00 2.08425721e+00
 1.92063613e+00 1.76160257e+00 1.70196498e+00 1.53834391e+00
 1.36401866e+00 1.37013533e+00 1.17593088e+00 1.08112241e+00
 1.01995565e+00 9.54201392e-01 9.06797156e-01 8.45630400e-01
 8.30338711e-01 8.11988684e-01 7.03417692e-01 7.93638657e-01
 7.73759462e-01 7.84463644e-01 8.11988684e-01 8.16576191e-01
 8.97622142e-01 8.99151311e-01 9.12913831e-01 9.37380534e-01
 8.74684609e-01 9.08326325e-01 9.40438871e-01 8.33397049e-01
 8.02813671e-01 7.26355226e-01 6.63659301e-01 6.40721768e-01
 5.99434208e-01 5.59675816e-01 4.83217371e-01 5.07684074e-01
 4.78629865e-01 4.41929811e-01 4.15933940e-01 3.85350562e-01
 3.65471366e-01 3.82292224e-01 3.37946326e-01 3.34887988e-01
 3.18067131e-01 2.55371206e-01 2.53842037e-01 2.23258659e-01
 2.20200321e-01 1.89616943e-01 1.83500268e-01 1.40683538e-01
 1.72796085e-01 1.34566863e-01 1.20804343e-01 1.05512654e-01
 1.13158498e-01 7.34001070e-02 1.02454316e-01 5.50500803e-02
 6.57542626e-02 3.82292224e-02 3.67000535e-02 3.05833779e-02
 3.82292224e-02 2.29375335e-02 1.83500268e-02 1.83500268e-02
 1.52916890e-02 1.22333512e-02 1.22333512e-02 1.07041823e-02
 4.58750669e-03 6.11667559e-03 1.52916890e-03 1.52916890e-03
 3.05833779e-03 3.05833779e-03 0.00000000e+00 1.52916890e-03
 1.52916890e-03 0.00000000e+00 1.52916890e-03 1.52916890e-03]",0.5093639117789841,0.4113739478381766,1.0399519533474715,3.632493081386379,0.30457778893901494,0.19723411578690062,1.6955409553337482,5.369622749384063,0.4667705945599839,1.19998724679501,1.5708287128203011

output\example dendrite\spine_22.off,"[6.58779749e+00 9.16257025e+00 8.03107831e+00 6.70723275e+00
 5.16337486e+00 3.97782276e+00 3.53025484e+00 3.09651626e+00
 2.38493356e+00 2.84507361e+00 2.18880829e+00 2.11966156e+00
 1.90593530e+00 2.06308696e+00 1.81793038e+00 1.88330547e+00
 2.04548598e+00 2.15612074e+00 2.22652469e+00 2.09326008e+00
 2.11463271e+00 1.83427415e+00 1.87576219e+00 1.92982236e+00
 1.81290152e+00 1.76261299e+00 1.49231214e+00 1.37539131e+00
 1.19058096e+00 1.06611685e+00 9.78111917e-01 7.85758288e-01
 6.77637948e-01 6.14777285e-01 6.72609095e-01 4.96599238e-01
 5.31801209e-01 4.42539068e-01 3.88478898e-01 4.37510215e-01
 4.04822670e-01 4.09851523e-01 3.77163978e-01 3.24361021e-01
 3.29389874e-01 2.77844131e-01 2.40127733e-01 2.72815278e-01
 2.43899373e-01 2.72815278e-01 2.14983468e-01 2.21269534e-01
 1.78524283e-01 1.52122805e-01 1.65952150e-01 1.33264606e-01
 1.18178047e-01 1.26978539e-01 1.00577061e-01 1.14406407e-01
 1.13149193e-01 1.16920833e-01 7.54327957e-02 9.05193548e-02
 7.29183691e-02 8.67477150e-02 6.41178763e-02 4.02308244e-02
 5.02885304e-02 2.76586917e-02 2.01154122e-02 2.38870520e-02
 1.00577061e-02 1.00577061e-02 3.77163978e-03 2.51442652e-03
 6.28606631e-03 3.77163978e-03 3.77163978e-03 3.77163978e-03
 1.25721326e-03 2.51442652e-03 5.02885304e-03 2.51442652e-03
 2.51442652e-03 3.77163978e-03 0.00000000e+00 2.51442652e-03
 2.51442652e-03 1.25721326e-03 0.00000000e+00 0.00000000e+00
 0.00000000e+00 0.00000000e+00 0.00000000e+00 0.00000000e+00
 0.00000000e+00 1.25721326e-03 1.25721326e-03 1.25721326e-03]",0.45380738077947064,0.40796825724130037,1.0458745646159493,8.50489714492839,0.4384928895382501,0.41831026703001073,1.7852199212891768,3.6529528341096276,0.209904939573988,0.5374426565381807,1.5604097627666405

output\example dendrite\spine_3.off,"[1.28278889 3.47546293 4.00818257 3.91229304 4.06358542 3.15583115
 3.51168787 2.88734045 2.55492339 2.50165143 2.32052675 2.26725479
 2.0371199  2.10530802 1.93696861 1.8687805  1.88582753 1.77289096
 1.84747171 1.79633063 1.60881331 1.62586034 1.82190117 1.71535724
 1.75371306 1.62159859 1.45325918 1.39572546 1.28491977 1.29770504
 1.37867843 1.34458437 1.27639626 1.28065802 1.14428179 1.25508747
 1.13362739 1.03773786 1.13788915 1.04199962 1.02495259 1.05265401
 0.9141469  0.94824096 0.90988515 0.89070724 0.84169703 0.74367662
 0.73089135 0.72449871 0.74154574 0.68827378 0.63287093 0.59877688
 0.61156215 0.66057235 0.50075646 0.59025336 0.53485052 0.51141085
 0.44322274 0.4474845  0.42830659 0.38355814 0.36438023 0.36864199
 0.31963178 0.28979948 0.28127597 0.29193036 0.24931279 0.22161137
 0.24718191 0.23226576 0.15555413 0.18538643 0.15981589 0.18112468
 0.12572184 0.11719832 0.13424535 0.10654393 0.0894969  0.09588954
 0.05327196 0.06818811 0.04687933 0.03835581 0.04474845 0.04048669
 0.02770142 0.01278527 0.0298323  0.01278527 0.01917791 0.00852351
 0.00852351 0.00639264 0.00426176 0.00426176]",1.2538002062671616,0.31060531340120545,0.38359698145990206,13.466760312495488,0.5123143663828126,0,0.6082690854899138,1.1872965612590332,0.04516818235232978,0.06467931465084983,0.43196629313806495

output\example dendrite\spine_7.off,"[1.98760552e+00 7.20351135e+00 7.07383069e+00 7.24964774e+00
 6.44662519e+00 4.73833186e+00 4.79319675e+00 3.94777860e+00
 3.74577603e+00 3.68093570e+00 3.07991571e+00 2.75446712e+00
 2.32427647e+00 2.17339801e+00 1.91528361e+00 1.84670250e+00
 1.53621707e+00 1.52250084e+00 1.35291844e+00 1.20453384e+00
 1.27560881e+00 1.28932504e+00 1.29057197e+00 1.28558425e+00
 1.18957068e+00 9.27715501e-01 1.01874135e+00 1.03495143e+00
 9.67617243e-01 9.02776912e-01 8.59134382e-01 9.00283053e-01
 7.60626956e-01 7.29453720e-01 6.70848037e-01 6.49650236e-01
 5.92291482e-01 5.93538412e-01 5.57377458e-01 4.87549410e-01
 4.82561692e-01 4.15227502e-01 4.08992855e-01 4.04005137e-01
 3.80313478e-01 3.70338043e-01 3.60362607e-01 2.93028418e-01
 3.01756924e-01 3.70338043e-01 3.14226218e-01 3.20460865e-01
 3.41658666e-01 3.05497712e-01 2.80559123e-01 2.99263065e-01
 2.74324476e-01 2.65595970e-01 3.03003853e-01 2.74324476e-01
 2.84299911e-01 3.06744641e-01 2.28188087e-01 2.74324476e-01
 2.93028418e-01 2.19459581e-01 2.54373605e-01 2.81806053e-01
 2.73077547e-01 2.81806053e-01 2.16965722e-01 2.19459581e-01
 1.94520992e-01 1.70829333e-01 1.65841615e-01 1.47137673e-01
 1.15964438e-01 1.01001284e-01 6.10995424e-02 7.98034839e-02
 5.86056835e-02 6.10995424e-02 4.86302480e-02 5.48648952e-02
 4.86302480e-02 3.74078831e-02 2.74324476e-02 1.49631532e-02
 2.61855182e-02 2.99263065e-02 2.24447299e-02 1.49631532e-02
 1.49631532e-02 1.62100827e-02 3.74078831e-03 7.48157662e-03
 7.48157662e-03 3.74078831e-03 1.24692944e-03 3.74078831e-03]",0.44538721479734855,0.5093338261443544,0.6203750215501611,19.094406712958545,0.6851604637851173,0.23779751865332985,1.1401170496262636,1.4262171317655996,0.05970947758499957,0.20256555577333926,2.3925193112764487

output\example dendrite\spine_15.off,"[1.17617326e+00 4.59776819e+00 4.57443913e+00 3.41381858e+00
 3.23885066e+00 3.16108713e+00 3.04638594e+00 2.84420079e+00
 2.70228236e+00 2.64784789e+00 2.97056651e+00 2.75477274e+00
 2.90057934e+00 2.95306971e+00 3.29134103e+00 3.12220537e+00
 3.08915588e+00 3.16108713e+00 2.77615770e+00 2.48260041e+00
 2.33679381e+00 2.16182589e+00 1.90326218e+00 1.91881488e+00
 1.65247482e+00 1.54943816e+00 1.37058206e+00 1.32003577e+00
 1.11785062e+00 1.12757106e+00 1.10618609e+00 1.10424200e+00
 9.83708542e-01 9.33162254e-01 8.43734204e-01 8.32069676e-01
 7.91243828e-01 7.29033011e-01 7.54306155e-01 7.21256659e-01
 6.88207162e-01 5.81282320e-01 6.29884521e-01 5.83226408e-01
 5.50176912e-01 5.79338232e-01 6.45437225e-01 5.59897352e-01
 5.21015592e-01 5.57953264e-01 4.93798359e-01 4.76301567e-01
 4.51028423e-01 3.94649870e-01 4.31587542e-01 3.61600373e-01
 3.46047669e-01 3.20774525e-01 3.30494965e-01 3.36327229e-01
 2.83836852e-01 2.68284148e-01 2.50787356e-01 2.48843268e-01
 2.25514211e-01 2.50787356e-01 1.94408803e-01 2.08017419e-01
 1.94408803e-01 1.84688363e-01 1.61359306e-01 1.57471130e-01
 1.43862514e-01 1.39974338e-01 1.12757106e-01 1.16645282e-01
 9.91484894e-02 7.97076092e-02 7.58194331e-02 6.22108169e-02
 6.22108169e-02 4.66581127e-02 6.80430810e-02 5.83226408e-02
 3.88817606e-02 3.49935845e-02 2.72172324e-02 4.08258486e-02
 4.27699366e-02 2.91613204e-02 3.11054085e-02 1.74967923e-02
 9.72044014e-03 1.16645282e-02 5.83226408e-03 5.83226408e-03
 5.83226408e-03 1.94408803e-03 0.00000000e+00 1.94408803e-03]",0.7507173810992958,0.40567369185586244,0.5686148706601041,10.343584024429132,0.4671047368080132,0.10042216954301339,0.9706475119290402,1.9775861130576198,0.09384054014900417,0.22155891973300326,1.3610149662523487

output\example dendrite\spine_23.off,"[2.39278645e+00 5.14185177e+00 5.28040466e+00 3.47481856e+00
 3.28128436e+00 3.05476138e+00 2.28722234e+00 2.15526721e+00
 2.08709039e+00 1.93314273e+00 1.50428854e+00 1.37013415e+00
 1.29535958e+00 1.33494612e+00 1.17220145e+00 1.18979547e+00
 1.08203211e+00 1.15900594e+00 1.24477678e+00 1.11062239e+00
 1.09962613e+00 1.14361117e+00 1.04904333e+00 1.13701342e+00
 9.94062019e-01 8.75302397e-01 9.76468001e-01 9.03892676e-01
 9.54475478e-01 9.72069496e-01 9.67670992e-01 9.74268749e-01
 1.00285903e+00 9.74268749e-01 1.03584781e+00 1.00505828e+00
 1.09742687e+00 1.17879921e+00 1.10842314e+00 1.13041566e+00
 1.07103585e+00 1.07983286e+00 1.10402463e+00 1.10402463e+00
 1.18319771e+00 1.15680669e+00 1.09522762e+00 1.08203211e+00
 1.19419397e+00 1.16120519e+00 1.10402463e+00 1.06223884e+00
 1.02705080e+00 1.00505828e+00 9.72069496e-01 1.03584781e+00
 8.95095667e-01 1.00065978e+00 8.62106884e-01 9.94062019e-01
 9.39080713e-01 8.37915109e-01 8.62106884e-01 8.66505388e-01
 9.14888938e-01 8.90697163e-01 8.55509127e-01 7.30151748e-01
 7.32351001e-01 7.54343523e-01 7.01561469e-01 6.15790631e-01
 6.15790631e-01 5.63008577e-01 5.10226523e-01 4.66241478e-01
 5.03628766e-01 3.76072135e-01 3.16692325e-01 2.79305036e-01
 2.17725973e-01 2.02331207e-01 1.56146910e-01 1.47349901e-01
 1.38552892e-01 9.23685947e-02 9.89663514e-02 5.27820541e-02
 5.49813064e-02 3.95865406e-02 4.17857928e-02 2.19925225e-02
 1.53947658e-02 1.97932703e-02 1.31955135e-02 6.59775676e-03
 1.09962613e-02 6.59775676e-03 4.39850451e-03 4.39850451e-03]",0.7407687845612281,0.3564444773997378,0.7652501194996766,2.726277562080143,0.30994453710366454,0.2943215025877986,1.2493633512358073,3.736604039480856,0.4582671143295278,0.6102114853010002,0.331562894696854

output\example dendrite\spine_12.off,"[4.16096071e-01 3.72906352e+00 5.40924892e+00 4.80705081e+00
 4.12935847e+00 3.48853541e+00 3.13213245e+00 2.99694512e+00
 2.62298536e+00 2.49833210e+00 2.39474701e+00 2.40879244e+00
 2.43337196e+00 2.32451982e+00 2.22971312e+00 2.12963938e+00
 2.13139506e+00 1.93475895e+00 1.96811686e+00 1.83995225e+00
 1.78025914e+00 1.74338987e+00 1.66262860e+00 1.61522525e+00
 1.58889006e+00 1.50110608e+00 1.50461744e+00 1.44668001e+00
 1.34309491e+00 1.35187331e+00 1.19035078e+00 1.16225991e+00
 1.14997015e+00 1.15523719e+00 1.22370870e+00 1.15348151e+00
 1.10783384e+00 1.00424874e+00 1.01302714e+00 9.86691948e-01
 9.41044278e-01 8.72572773e-01 9.46311317e-01 8.32192142e-01
 8.39214860e-01 8.02345588e-01 7.95322869e-01 6.88226412e-01
 7.09294568e-01 7.28607044e-01 6.67158257e-01 5.98686752e-01
 5.93419713e-01 5.49527722e-01 5.10902770e-01 5.31970926e-01
 5.14414130e-01 4.23118789e-01 4.03806313e-01 4.10829032e-01
 3.89760876e-01 3.58158643e-01 3.17778012e-01 3.03732575e-01
 3.08999614e-01 2.91442818e-01 3.07243934e-01 2.58084905e-01
 2.21215633e-01 2.49306507e-01 1.68545244e-01 1.52744127e-01
 1.58011166e-01 1.33431651e-01 1.36943011e-01 1.26408933e-01
 1.07096457e-01 8.95396608e-02 6.14487868e-02 7.90055831e-02
 5.44260683e-02 8.07612627e-02 6.49601461e-02 5.96931072e-02
 6.14487868e-02 7.02271849e-02 4.21363110e-02 5.61817480e-02
 3.51135925e-02 4.03806313e-02 3.68692721e-02 2.28238351e-02
 2.80908740e-02 2.63351944e-02 1.22897574e-02 7.02271849e-03
 8.77839812e-03 1.75567962e-03 0.00000000e+00 3.51135925e-03]",0.7015929444984002,0.3236003236920539,0.8955682680142824,2.256338482049675,0.22195317422469912,0.17644264145379623,1.4077196933301428,6.165974844790429,0.6238956187333027,1.0910289489419962,0.7487363529769865

output\example dendrite\spine_2.off,"[1.85614277 2.61536186 3.29816604 2.92102149 2.50443699 2.34421219
 2.24068231 2.02376257 1.85367778 1.56773812 1.57020312 1.32123841
 1.34588838 1.32863341 1.2497535  1.29658844 1.31384342 1.21524354
 1.21524354 1.14129363 1.0821337  1.14129363 1.02543877 1.0845987
 1.04762374 1.12157365 1.0032538  1.06980872 1.10678367 1.00571879
 1.04022875 1.03529876 1.04515875 1.03529876 1.12403865 1.2472885
 1.26700848 1.27440347 1.3310984  1.31137843 1.34342339 1.42723329
 1.35328338 1.45927825 1.39765332 1.43955827 1.45434825 1.31877342
 1.27440347 1.37793335 1.27933346 1.21524354 1.17580359 1.22263853
 1.04515875 1.11664366 1.10431867 1.03036876 1.00571879 0.97120883
 0.96874384 0.96134885 0.92683889 0.87014396 0.88246894 0.82084401
 0.78879905 0.80358904 0.7518241  0.70991915 0.64336423 0.68526918
 0.58913429 0.55708933 0.47081444 0.48806941 0.42397949 0.44616446
 0.39932952 0.38946953 0.37467955 0.34016959 0.27854467 0.32784461
 0.19719976 0.20952475 0.1676198  0.17994478 0.13310984 0.14050483
 0.12817985 0.07394991 0.06901992 0.04929994 0.04190495 0.03943995
 0.01725498 0.00492999 0.00492999 0.00985999]",0.7489082226452441,0.3363567810418083,0.8520560742424009,1.885629810534445,0.25802091058969673,0.22712271323975458,1.2330163926817497,4.551623280113027,0.6539016225736669,0.7884750356300035,0.20580070214029164

output\example dendrite\spine_16.off,"[0.63673316 3.46326449 3.66297784 3.7640093  3.35048519 2.75839383
 2.48349428 2.27673222 1.95719086 1.9383943  1.91254905 1.59300768
 1.76922535 1.44028571 1.45673269 1.19828012 1.18888184 1.04555814
 1.05965555 0.96332323 0.95392495 0.99151806 0.94922582 0.97742064
 0.95627452 0.93277884 0.9656728  0.88108832 1.01266418 1.00561547
 0.92103099 1.05730598 1.01266418 1.06670426 1.22412537 1.18183313
 1.17243486 1.17243486 1.17478443 1.24292192 1.14893917 1.29226287
 1.2217758  1.33925425 1.34630295 1.40269261 1.36040037 1.34865252
 1.39799347 1.30636028 1.17478443 1.12309391 1.20062968 1.16538615
 1.17008529 1.11369564 1.05495642 1.05965555 1.00091633 1.05495642
 1.11134607 0.93982754 0.95157539 0.96332323 0.89518573 0.91633185
 0.84114565 0.72366721 0.70017152 0.66492799 0.66257842 0.60618876
 0.55449825 0.5357017  0.47226334 0.45111722 0.42057282 0.38532929
 0.29604568 0.3242405  0.26080214 0.26080214 0.19971335 0.1738681
 0.14097413 0.14097413 0.06343836 0.07988534 0.06578793 0.03994267
 0.03289396 0.02114612 0.01174784 0.00704871 0.00939828 0.00704871
 0.00469914 0.00469914 0.         0.00469914]",0.7173288904463909,0.3725005802921494,0.9316580764926353,1.847291776341222,0.27245248956378726,0.1869135778453642,1.5233112451776716,5.404194242885451,0.8246186469766937,1.0506334728399997,0.2740840589670705

output\example dendrite\spine_13.off,"[1.39247035 4.65950624 4.85458663 4.24916474 3.76931184 2.97553647
 2.9934749  2.30733009 2.22884947 1.8386887  1.65257753 1.43955871
 1.40368186 1.2242976  1.11442474 1.08527479 1.04939794 1.01352109
 1.04715564 1.04939794 1.06957867 0.84086374 0.93728278 1.03370182
 1.00679418 0.94625199 1.05612485 1.18393614 1.09424401 1.15030159
 1.35435119 1.34538198 1.32520125 1.4305895  1.32744355 1.34089737
 1.29829361 1.5001009  1.35435119 1.30277821 1.31398973 1.32744355
 1.1547862  1.1592708  1.14581698 1.15254389 1.08303249 1.05836715
 1.13460547 1.01352109 0.99782497 0.93279817 0.96643272 0.9507366
 0.85207525 0.79825997 0.8161984  0.77807924 0.746687   0.72202166
 0.70184093 0.67717559 0.69062941 0.74444469 0.69511402 0.57178734
 0.6121488  0.57851425 0.48657981 0.44621836 0.43724914 0.45742987
 0.4080992  0.39912999 0.39464538 0.41706841 0.40137229 0.32961858
 0.25786488 0.30719555 0.26459179 0.29822634 0.2062919  0.21750342
 0.21526112 0.18386887 0.19732269 0.16144584 0.15471893 0.11211516
 0.10763056 0.11659977 0.08969213 0.08072292 0.05605758 0.0672691
 0.04260376 0.02466534 0.03139225 0.00672691]",0.7806185777821111,0.3728681455635374,1.0056159481962679,1.232306509045031,0.18669513700915855,0.23240788575236473,1.4346180544935954,7.451873973304406,1.1641730721728838,1.7288051160337654,0.4850069610414694

output\example dendrite\spine_14.off,"[1.41703432e+00 5.12786959e+00 5.76721753e+00 5.20825544e+00
 4.52777985e+00 4.15015329e+00 3.65288267e+00 3.10326778e+00
 2.68825245e+00 2.65834143e+00 2.37231736e+00 1.87504674e+00
 1.75166380e+00 1.59276153e+00 1.50302849e+00 1.44507590e+00
 1.27121813e+00 1.17213789e+00 1.31608465e+00 1.31608465e+00
 1.23382936e+00 1.23009048e+00 1.28617363e+00 1.15344351e+00
 1.19644059e+00 1.03193001e+00 1.17961564e+00 1.08053541e+00
 1.06931878e+00 1.07492709e+00 1.05249383e+00 1.19270171e+00
 1.08240485e+00 1.00762731e+00 1.14596575e+00 1.11792418e+00
 1.01510506e+00 9.83324609e-01 1.03753832e+00 9.51544156e-01
 1.01697450e+00 9.60891348e-01 9.27241457e-01 9.36588649e-01
 8.80505496e-01 8.78636058e-01 8.30030659e-01 8.65549989e-01
 8.03858521e-01 7.27211546e-01 7.21603230e-01 6.69258955e-01
 7.38428176e-01 7.73947506e-01 6.58042324e-01 7.38428176e-01
 6.87953339e-01 6.22522994e-01 6.82345024e-01 6.11306364e-01
 6.09436925e-01 6.11306364e-01 5.72048157e-01 5.01009497e-01
 5.08487250e-01 5.04748374e-01 4.80445674e-01 5.08487250e-01
 4.05668137e-01 3.53323862e-01 3.45846108e-01 3.53323862e-01
 2.86024078e-01 2.26202049e-01 2.48635310e-01 2.11246542e-01
 2.00029911e-01 2.14985418e-01 1.57032827e-01 1.45816197e-01
 1.49555074e-01 1.30860689e-01 9.34719210e-02 7.66469752e-02
 5.60831526e-02 5.42137142e-02 4.11276453e-02 4.67359605e-02
 3.17804532e-02 2.61721379e-02 1.49555074e-02 1.12166305e-02
 1.12166305e-02 1.12166305e-02 1.12166305e-02 3.73887684e-03
 7.47775368e-03 0.00000000e+00 5.60831526e-03 1.86943842e-03]",0.5785626839448198,0.42224216430762274,0.9645025793684462,3.1474710572716624,0.32766749903465514,0.3153689120883756,1.5528281966471857,4.423667462352148,0.4933574188266663,0.8198210425450023,0.661718282244042

output\example dendrite\spine_6.off,"[3.01462770e+00 8.13001121e+00 7.43311205e+00 5.84964221e+00
 4.66419519e+00 3.74170187e+00 3.13820157e+00 2.75167399e+00
 2.52751674e+00 2.48584648e+00 2.57206081e+00 2.31054401e+00
 2.46860362e+00 2.20421301e+00 2.37664166e+00 2.48440958e+00
 2.35508808e+00 2.06770699e+00 1.81624853e+00 1.67399488e+00
 1.53748886e+00 1.51449838e+00 1.52311981e+00 1.59352818e+00
 1.53605196e+00 1.51880909e+00 1.56191626e+00 1.40673047e+00
 1.35643877e+00 1.29896255e+00 1.12653390e+00 1.10785413e+00
 1.10785413e+00 9.23930224e-01 1.03457195e+00 8.53521855e-01
 6.85403914e-01 7.38569417e-01 7.08394402e-01 6.55228899e-01
 5.89131247e-01 5.60393137e-01 5.40276461e-01 4.85674052e-01
 4.10954967e-01 3.89401385e-01 3.20429922e-01 3.18993017e-01
 2.96002529e-01 2.98876340e-01 2.51458459e-01 2.55769176e-01
 2.60079892e-01 2.42837026e-01 2.45710837e-01 2.08351295e-01
 2.42837026e-01 2.60079892e-01 2.14098917e-01 2.37089404e-01
 2.24157255e-01 2.44273932e-01 2.21283444e-01 2.54332270e-01
 1.95419145e-01 1.91108429e-01 2.28467971e-01 2.19846538e-01
 2.12662011e-01 2.24157255e-01 2.05477484e-01 2.12662011e-01
 1.66681036e-01 1.62370319e-01 1.26447682e-01 1.13515533e-01
 9.77095727e-02 8.47774233e-02 4.31071644e-02 3.87964480e-02
 2.58642986e-02 1.58059603e-02 1.43690548e-03 0.00000000e+00
 0.00000000e+00 1.43690548e-03 0.00000000e+00 1.43690548e-03
 0.00000000e+00 0.00000000e+00 0.00000000e+00 1.43690548e-03
 0.00000000e+00 0.00000000e+00 0.00000000e+00 0.00000000e+00
 0.00000000e+00 0.00000000e+00 0.00000000e+00 1.43690548e-03]",0.41734518930027825,0.47175812026685454,1.5235688901600364,3.0089633502509368,0.307215750410883,0.8724970577454111,2.6520842849840722,7.760147204266108,0.8813946785901855,2.104216064457304,1.3873709650971051

output\example dendrite\spine_8.off,"[1.13354587e+00 3.55323033e+00 3.27256873e+00 2.87746260e+00
 2.40606011e+00 1.94828197e+00 1.74119186e+00 1.54772610e+00
 1.35698520e+00 1.14989509e+00 1.12264639e+00 1.10084743e+00
 1.15261996e+00 1.10629717e+00 1.09812256e+00 1.18804327e+00
 1.12264639e+00 1.14989509e+00 1.19621788e+00 1.17441892e+00
 1.23981580e+00 1.29431320e+00 1.39513338e+00 1.43873130e+00
 1.64582141e+00 1.58314940e+00 1.74936647e+00 1.76026595e+00
 1.64582141e+00 1.85563639e+00 1.63764680e+00 1.60767323e+00
 1.78206491e+00 1.68124472e+00 1.63219706e+00 1.48232922e+00
 1.61039810e+00 1.67851985e+00 1.59132401e+00 1.56952506e+00
 1.67307011e+00 1.55862558e+00 1.56680019e+00 1.51775253e+00
 1.42238208e+00 1.46870487e+00 1.52592714e+00 1.36243494e+00
 1.41148260e+00 1.30248781e+00 1.15534483e+00 1.11719665e+00
 1.15261996e+00 1.07359874e+00 1.00275212e+00 8.71958364e-01
 8.39259925e-01 9.59154200e-01 9.21006022e-01 8.01111747e-01
 8.01111747e-01 7.11191041e-01 8.03836617e-01 6.94841821e-01
 6.62143383e-01 6.23995204e-01 5.72222676e-01 4.93201450e-01
 5.15000409e-01 4.95926320e-01 4.33254312e-01 4.33254312e-01
 3.86931524e-01 3.67857435e-01 3.21534647e-01 3.40608736e-01
 3.92381264e-01 2.42513420e-01 2.26164201e-01 2.26164201e-01
 1.98915502e-01 1.71666803e-01 1.19894275e-01 1.22619145e-01
 8.99207063e-02 9.80953159e-02 1.08994795e-01 7.35714870e-02
 4.90476580e-02 6.26720074e-02 3.26984386e-02 3.81481784e-02
 5.17725279e-02 1.36243494e-02 1.63492193e-02 8.17460966e-03
 8.17460966e-03 0.00000000e+00 5.44973977e-03 2.72486989e-03]",0.8590071229059417,0.2796200705116214,0.945059790081296,1.6428137404899528,0.23979604075234962,0.3542369825971409,1.3483379005105243,5.268616073192158,0.8207491009348363,0.9599977002575002,0.16966037387559632

output\example dendrite\spine_19.off,"[1.24322659e+00 3.73149205e+00 4.65938129e+00 3.68618496e+00
 4.41834756e+00 3.51764258e+00 3.34910020e+00 3.00657859e+00
 2.59337792e+00 2.29797568e+00 2.27441599e+00 2.10587361e+00
 1.99532431e+00 2.03700683e+00 1.83946791e+00 2.00438573e+00
 1.97901376e+00 2.13849472e+00 2.16024212e+00 2.03156998e+00
 1.98445061e+00 2.08775077e+00 1.83584335e+00 1.88477500e+00
 1.84490476e+00 1.62380616e+00 1.35196361e+00 1.30665652e+00
 1.28128455e+00 1.23054060e+00 1.19973178e+00 1.03481397e+00
 1.03843854e+00 1.01850342e+00 1.05837366e+00 9.55073488e-01
 9.35138368e-01 9.46012070e-01 8.46336469e-01 8.69896156e-01
 8.88018993e-01 9.04329546e-01 8.40899618e-01 9.11578680e-01
 8.49961036e-01 8.64459305e-01 8.19152214e-01 8.80769858e-01
 8.73520723e-01 8.53585603e-01 8.17339930e-01 7.62971420e-01
 7.17664329e-01 6.50609833e-01 7.23101180e-01 6.43360699e-01
 5.18313126e-01 5.12876275e-01 4.78442886e-01 4.51258631e-01
 4.00514689e-01 4.42197213e-01 3.42521611e-01 3.58832164e-01
 3.67893583e-01 3.18961924e-01 3.17149640e-01 2.70030265e-01
 2.28347741e-01 2.41033727e-01 2.12037188e-01 1.84852933e-01
 2.28347741e-01 1.75791515e-01 1.61293246e-01 1.59480962e-01
 1.48607260e-01 1.35921274e-01 1.23235289e-01 1.34108991e-01
 9.60510339e-02 1.01487885e-01 7.61159137e-02 7.06790627e-02
 5.61807934e-02 5.43685098e-02 4.16825241e-02 3.44333895e-02
 3.80579568e-02 2.17474039e-02 3.26211059e-02 1.44982693e-02
 2.17474039e-02 5.43685098e-03 7.24913463e-03 5.43685098e-03
 3.62456732e-03 0.00000000e+00 0.00000000e+00 1.81228366e-03]",0.6677659929734926,0.4543296114613899,0.6667464428187018,6.025066665454433,0.41701237145897624,0.08163689900936988,1.119775574288945,2.603596563900263,0.18585281067665788,0.2933526616083192,0.5784139101274444

output\example dendrite\spine_1.off,"[5.70980392e-01 3.76313725e+00 5.36627451e+00 4.52549020e+00
 4.71843137e+00 3.74431373e+00 3.21568627e+00 2.62117647e+00
 2.67764706e+00 2.62745098e+00 3.21254902e+00 3.34745098e+00
 3.15607843e+00 3.16392157e+00 2.88156863e+00 2.65725490e+00
 2.49411765e+00 2.34823529e+00 2.35764706e+00 1.98745098e+00
 2.00313725e+00 1.79137255e+00 1.62980392e+00 1.42274510e+00
 1.30980392e+00 1.27058824e+00 1.24549020e+00 1.13568627e+00
 1.16078431e+00 1.09803922e+00 1.04941176e+00 1.17019608e+00
 1.13254902e+00 1.11058824e+00 1.06980392e+00 1.05882353e+00
 1.05411765e+00 1.06509804e+00 9.27058824e-01 9.31764706e-01
 9.25490196e-01 8.31372549e-01 7.84313725e-01 6.93333333e-01
 7.32549020e-01 6.80784314e-01 5.94509804e-01 5.96078431e-01
 5.53725490e-01 5.12941176e-01 4.84705882e-01 5.45882353e-01
 4.47058824e-01 3.98431373e-01 4.26666667e-01 4.04705882e-01
 3.87450980e-01 3.87450980e-01 4.10980392e-01 3.59215686e-01
 3.45098039e-01 2.74509804e-01 3.05882353e-01 2.08627451e-01
 2.14901961e-01 1.75686275e-01 1.58431373e-01 1.30196078e-01
 1.30196078e-01 1.05098039e-01 1.08235294e-01 9.56862745e-02
 6.74509804e-02 5.17647059e-02 6.74509804e-02 5.01960784e-02
 4.23529412e-02 3.60784314e-02 2.82352941e-02 2.50980392e-02
 2.66666667e-02 2.35294118e-02 1.56862745e-02 6.27450980e-03
 2.03921569e-02 4.70588235e-03 7.84313725e-03 6.27450980e-03
 6.27450980e-03 3.13725490e-03 4.70588235e-03 6.27450980e-03
 6.27450980e-03 1.56862745e-03 1.56862745e-03 1.56862745e-03
 3.13725490e-03 0.00000000e+00 0.00000000e+00 1.56862745e-03]",0.4800851590988801,0.43747590799222646,1.025690156110369,5.364052291945383,0.38536507139106524,0.25467461440681466,1.686593765414732,4.121938344641544,0.3144253026666626,0.7728559034150042,1.457995259479311

output\example dendrite\spine_5.off,"[1.60949177e+00 4.95336704e+00 5.46904901e+00 4.52833229e+00
 3.18272465e+00 2.62675503e+00 2.32661201e+00 2.22387849e+00
 1.86733276e+00 1.72632597e+00 1.58934794e+00 1.53294523e+00
 1.46445622e+00 1.55510344e+00 1.55913220e+00 1.63567875e+00
 1.56114659e+00 1.43625486e+00 1.43021171e+00 1.49870072e+00
 1.36978023e+00 1.27510424e+00 1.28920492e+00 1.24690289e+00
 1.16632758e+00 1.18445702e+00 1.18244264e+00 1.15021252e+00
 1.02532079e+00 9.95105050e-01 1.13812622e+00 1.13208307e+00
 1.08575227e+00 1.17035634e+00 1.11596801e+00 1.06359406e+00
 1.17438511e+00 1.11395363e+00 1.19452894e+00 1.18244264e+00
 1.22071591e+00 1.12201116e+00 1.09380980e+00 1.18647141e+00
 1.15827005e+00 1.00114820e+00 1.06762283e+00 1.00316258e+00
 9.60860544e-01 9.24601656e-01 8.58127027e-01 8.39997583e-01
 8.09781842e-01 7.53379127e-01 7.65465423e-01 7.91652398e-01
 8.09781842e-01 7.05033942e-01 6.96976412e-01 6.78846967e-01
 6.84890115e-01 6.48631227e-01 6.56688758e-01 6.88918881e-01
 6.16401104e-01 5.70070302e-01 6.18415487e-01 6.26473017e-01
 6.26473017e-01 5.35825796e-01 5.21725117e-01 5.64027154e-01
 5.13667587e-01 4.81437463e-01 4.29063513e-01 4.02876538e-01
 4.51221723e-01 3.58560119e-01 3.32373144e-01 3.32373144e-01
 2.35682775e-01 2.63884133e-01 1.89351973e-01 2.15538948e-01
 1.77265677e-01 1.69208146e-01 1.36978023e-01 9.87047519e-02
 7.45321596e-02 6.24458635e-02 5.23739500e-02 4.43164192e-02
 4.63308019e-02 3.62588885e-02 3.22301231e-02 1.20862962e-02
 6.04314808e-03 2.01438269e-03 0.00000000e+00 4.02876538e-03]",0.7053996917499135,0.35927506974370454,1.2966954646655504,0.8412277352031756,0.1630087199127242,1.9455824095884522,2.0919453684075475,10.887751718350145,2.486776506366965,3.469673332161904,0.3952493612829299

output\example dendrite\spine_4.off,"[2.11197630e+00 5.02971943e+00 6.11371068e+00 6.06312442e+00
 5.00442630e+00 4.72981518e+00 3.59162436e+00 3.37301946e+00
 2.82741053e+00 2.50582645e+00 1.99093061e+00 1.84820509e+00
 1.70547958e+00 1.67476649e+00 1.44893498e+00 1.42544850e+00
 1.39834872e+00 1.13999747e+00 1.14180412e+00 1.11289769e+00
 1.09121786e+00 1.00449856e+00 9.12359307e-01 9.61138913e-01
 8.58159744e-01 8.29253311e-01 8.54546440e-01 7.37114054e-01
 7.35307402e-01 7.37114054e-01 7.75053748e-01 6.43168145e-01
 6.72074579e-01 7.55180575e-01 7.89506965e-01 7.67827140e-01
 7.40727358e-01 8.05766833e-01 8.02153529e-01 7.84087008e-01
 8.29253311e-01 9.17779263e-01 8.58159744e-01 8.70806309e-01
 8.70806309e-01 9.66558870e-01 9.34039132e-01 8.88872830e-01
 8.59966396e-01 8.40093223e-01 8.38286571e-01 7.96733573e-01
 7.66020487e-01 7.13627577e-01 7.91313617e-01 7.28080793e-01
 7.75053748e-01 6.66654622e-01 7.00981012e-01 7.19047533e-01
 7.29887446e-01 6.61234666e-01 6.61234666e-01 7.02787664e-01
 6.26908276e-01 6.25101624e-01 5.90775234e-01 5.72708713e-01
 5.43802280e-01 4.55276327e-01 4.76956153e-01 3.70363679e-01
 3.95656808e-01 3.32423985e-01 3.46877202e-01 3.55910462e-01
 3.21584073e-01 2.60157901e-01 2.52931293e-01 2.80031074e-01
 2.40284728e-01 1.87891818e-01 1.53565428e-01 1.62598688e-01
 1.49952124e-01 1.21045690e-01 8.85259526e-02 1.04785821e-01
 9.03326047e-02 5.78128670e-02 5.60062149e-02 7.22660837e-02
 2.70997814e-02 3.07130856e-02 2.89064335e-02 1.98731730e-02
 9.03326047e-03 3.61330419e-03 5.41995628e-03 1.80665209e-03]",0.643467276631365,0.4676413394876776,0.8459087328693498,2.699802412909359,0.287042232277655,0.4328588739415319,1.4779524517384617,4.716043571566358,0.5474298580783146,0.9689582099500033,0.7700134467480679

output\example dendrite\spine_17.off,"[2.04702361e+00 7.04066689e+00 6.92801622e+00 6.45649270e+00
 5.97209482e+00 4.34670658e+00 4.38854825e+00 3.52757527e+00
 3.16387454e+00 2.88385716e+00 2.73580199e+00 2.25301341e+00
 2.05667938e+00 1.86034535e+00 1.89092197e+00 1.60285811e+00
 1.65918344e+00 1.41457056e+00 1.36307311e+00 1.18605063e+00
 1.04443264e+00 1.02994899e+00 1.10075798e+00 1.00420026e+00
 8.65800866e-01 8.77065933e-01 9.20516906e-01 8.89940295e-01
 7.96601168e-01 8.01429054e-01 7.69243148e-01 8.11084826e-01
 7.80508215e-01 7.40275833e-01 7.53150196e-01 7.75680330e-01
 6.95215565e-01 7.11308518e-01 8.38442846e-01 8.30396369e-01
 8.28787074e-01 8.11084826e-01 8.65800866e-01 7.91773282e-01
 8.94768181e-01 8.35224255e-01 7.70852444e-01 7.94991873e-01
 7.33838652e-01 6.93606270e-01 6.13141505e-01 6.63029659e-01
 6.69466840e-01 6.88778384e-01 5.93829962e-01 6.08313619e-01
 6.26015868e-01 5.26239560e-01 4.68304929e-01 4.55430567e-01
 4.31291138e-01 4.87616473e-01 3.74965802e-01 3.28296239e-01
 3.13812581e-01 2.62315132e-01 2.43003589e-01 2.46222179e-01
 2.18864159e-01 1.68976005e-01 1.56101643e-01 1.48055167e-01
 1.02994899e-01 9.81670127e-02 7.72461739e-02 6.59811069e-02
 7.24182880e-02 4.98881540e-02 4.66695634e-02 5.95439257e-02
 4.02323822e-02 2.73580199e-02 3.21859058e-02 3.05766105e-02
 3.37952011e-02 1.60929529e-02 9.65577174e-03 1.44836576e-02
 1.60929529e-02 2.25301341e-02 1.44836576e-02 9.65577174e-03
 8.04647645e-03 3.21859058e-03 3.21859058e-03 3.21859058e-03
 6.43718116e-03 4.82788587e-03 3.21859058e-03 1.60929529e-03]",0.45289222981453237,0.4636934001131919,1.2413938265017932,3.1720624008856504,0.33384362631788295,0.20633112462673533,2.1132494622657654,6.123726709856371,0.6662067750230068,1.386134179090495,1.0806365696935853

output\example dendrite\spine_11.off,"[1.08259894e+00 6.16533917e+00 6.10529290e+00 5.51895873e+00
 4.79663741e+00 4.36571711e+00 3.09768115e+00 2.78332127e+00
 2.21994596e+00 2.01861434e+00 2.19168889e+00 1.93207707e+00
 1.86673260e+00 1.72544726e+00 1.74840612e+00 1.74487399e+00
 1.56826731e+00 1.58239585e+00 1.47113364e+00 1.72191512e+00
 1.51705137e+00 1.53824418e+00 1.46583544e+00 1.48879431e+00
 1.28746269e+00 1.33691256e+00 1.25390742e+00 1.29276089e+00
 1.16737015e+00 1.20622362e+00 1.13381488e+00 1.21328789e+00
 1.05434188e+00 1.12675061e+00 1.09142928e+00 1.04197941e+00
 1.04551154e+00 8.98927997e-01 9.32483267e-01 8.83033396e-01
 9.50143934e-01 8.38881727e-01 8.63606662e-01 8.58308461e-01
 7.59408721e-01 7.31151652e-01 7.43514120e-01 7.01128517e-01
 7.52344454e-01 7.13490984e-01 6.37550112e-01 6.26953711e-01
 6.78169648e-01 6.41082246e-01 6.18123377e-01 5.81035975e-01
 5.81035975e-01 5.43948572e-01 4.99796902e-01 5.49246773e-01
 4.73305900e-01 4.50347032e-01 4.37984565e-01 4.23856030e-01
 4.02663229e-01 3.35552691e-01 3.32020557e-01 3.21424156e-01
 2.70208219e-01 2.50781485e-01 2.03097681e-01 1.96033414e-01
 2.18992282e-01 1.67776345e-01 1.58946011e-01 1.58946011e-01
 1.16560408e-01 1.62478145e-01 1.46583544e-01 1.07730074e-01
 1.25390742e-01 1.11262208e-01 1.37753210e-01 1.04197941e-01
 1.04197941e-01 1.05964008e-01 7.24087385e-02 6.00462709e-02
 7.41748053e-02 4.76838034e-02 6.53444713e-02 5.29820038e-02
 2.47249351e-02 7.06426717e-03 5.29820038e-03 5.29820038e-03
 3.53213359e-03 1.76606679e-03 1.76606679e-03 1.76606679e-03]",0.4661912873321569,0.43985236914309234,1.3216104781493094,3.2902941895632107,0.32728247430019575,0.3399837724541493,2.228620108158962,6.469485976649459,0.6773315636115849,1.1643410346132705,0.7190119243888666

output\example dendrite\spine_20.off,"[3.32851161e+00 6.83060525e+00 6.31290445e+00 5.68709555e+00
 4.79330034e+00 4.54967644e+00 3.80205558e+00 3.41682528e+00
 2.97677960e+00 2.96916635e+00 2.74229159e+00 2.88846593e+00
 2.80319756e+00 2.69813475e+00 2.82908260e+00 2.71640655e+00
 2.72097450e+00 2.22154549e+00 2.04339551e+00 1.86372288e+00
 1.71298059e+00 1.47849258e+00 1.50133232e+00 1.28663875e+00
 1.24400457e+00 1.25161781e+00 1.21202893e+00 1.05519604e+00
 9.59269128e-01 9.86676818e-01 8.77046060e-01 8.54206319e-01
 7.36962314e-01 6.92805482e-01 8.83136658e-01 7.99390940e-01
 6.27331557e-01 6.47125999e-01 5.80129425e-01 4.97906357e-01
 5.67948230e-01 5.70993529e-01 6.28854206e-01 5.03996955e-01
 4.67453369e-01 4.90293110e-01 4.30909783e-01 4.38523030e-01
 4.61362771e-01 4.01979444e-01 3.68481157e-01 3.68481157e-01
 3.76094404e-01 2.78644842e-01 2.75599543e-01 2.55805101e-01
 2.11648268e-01 2.48191854e-01 2.16216216e-01 2.10125619e-01
 1.52264941e-01 1.21811953e-01 1.52264941e-01 1.20289303e-01
 1.38561096e-01 1.24857252e-01 1.09630758e-01 9.59269128e-02
 1.20289303e-01 9.13589646e-02 1.06585459e-01 8.67910164e-02
 7.76551199e-02 7.76551199e-02 5.02474305e-02 6.39512752e-02
 5.32927293e-02 3.65435858e-02 2.58850400e-02 3.19756376e-02
 3.34982870e-02 3.65435858e-02 2.58850400e-02 2.58850400e-02
 3.19756376e-02 1.52264941e-02 1.82717929e-02 1.37038447e-02
 2.58850400e-02 1.21811953e-02 9.13589646e-03 1.21811953e-02
 1.37038447e-02 1.06585459e-02 4.56794823e-03 1.06585459e-02
 0.00000000e+00 4.56794823e-03 1.52264941e-03 6.09059764e-03]",0.6169735722753126,0.3255556520894791,0.6647233993520792,10.310049036036945,0.44255843658355115,0.7218016655165889,1.053135704184596,1.657851770342775,0.10214652718949707,0.2751409465785003,1.69359080674444

